{
  "ask_pcos_heart": {
    "precision": 0.5384615384615384,
    "recall": 0.4666666666666667,
    "f1-score": 0.5,
    "support": 15,
    "confused_with": {
      "ask_pcos_health_risks": 3,
      "ask_pcos_info": 1
    }
  },
  "ask_pcos_food": {
    "precision": 0.14285714285714285,
    "recall": 0.13333333333333333,
    "f1-score": 0.1379310344827586,
    "support": 15,
    "confused_with": {
      "ask_pcos_diet": 11,
      "ask_pcos_hormones": 1
    }
  },
  "ask_pcos_genetic": {
    "precision": 0.6875,
    "recall": 0.7333333333333333,
    "f1-score": 0.7096774193548386,
    "support": 15,
    "confused_with": {
      "ask_pcos_causes": 2,
      "ask_pcos_info": 1
    }
  },
  "ask_pcos_hormones": {
    "precision": 0.5333333333333333,
    "recall": 0.5333333333333333,
    "f1-score": 0.5333333333333333,
    "support": 15,
    "confused_with": {
      "ask_pcos_causes": 3,
      "ask_pcos_common": 1
    }
  },
  "ask_pcos_common": {
    "precision": 0.6666666666666666,
    "recall": 0.6666666666666666,
    "f1-score": 0.6666666666666666,
    "support": 15,
    "confused_with": {
      "ask_pcos_hormones": 1,
      "ask_pcos_diagnosis": 1
    }
  },
  "web_info": {
    "precision": 0.7692307692307693,
    "recall": 0.6666666666666666,
    "f1-score": 0.7142857142857142,
    "support": 15,
    "confused_with": {
      "ask_pcos_causes": 1,
      "ask_pcos_cure": 1
    }
  },
  "mood_great": {
    "precision": 0.35714285714285715,
    "recall": 0.3333333333333333,
    "f1-score": 0.3448275862068965,
    "support": 15,
    "confused_with": {
      "greet": 9,
      "bot_challenge": 1
    }
  },
  "ask_pcos_health_risks": {
    "precision": 0.5625,
    "recall": 0.6,
    "f1-score": 0.5806451612903225,
    "support": 15,
    "confused_with": {
      "ask_pcos_heart": 3,
      "ask_pcos_cure": 1
    }
  },
  "ask_pcos_symptoms": {
    "precision": 0.4,
    "recall": 0.4,
    "f1-score": 0.4000000000000001,
    "support": 15,
    "confused_with": {
      "web_info": 1,
      "ask_pcos_hormones": 1
    }
  },
  "ask_pcos_diabetes": {
    "precision": 0.625,
    "recall": 0.6666666666666666,
    "f1-score": 0.6451612903225806,
    "support": 15,
    "confused_with": {
      "ask_pcos_causes": 2,
      "ask_pcos_treatment": 2
    }
  },
  "mood_unhappy": {
    "precision": 0.8,
    "recall": 0.5333333333333333,
    "f1-score": 0.64,
    "support": 15,
    "confused_with": {
      "goodbye": 2,
      "ask_pcos_info": 1
    }
  },
  "affirm": {
    "precision": 0.9090909090909091,
    "recall": 0.6666666666666666,
    "f1-score": 0.7692307692307692,
    "support": 15,
    "confused_with": {
      "deny": 2,
      "greet": 1
    }
  },
  "ask_pcos_medications": {
    "precision": 0.5714285714285714,
    "recall": 0.5333333333333333,
    "f1-score": 0.5517241379310344,
    "support": 15,
    "confused_with": {
      "ask_pcos_diabetes": 1,
      "ask_pcos_weight": 1
    }
  },
  "ask_pcos_treatment": {
    "precision": 0.4444444444444444,
    "recall": 0.5333333333333333,
    "f1-score": 0.4848484848484848,
    "support": 15,
    "confused_with": {
      "ask_pcos_medications": 2,
      "ask_pcos_cure": 2
    }
  },
  "ask_pcos_diet": {
    "precision": 0.2857142857142857,
    "recall": 0.4,
    "f1-score": 0.3333333333333333,
    "support": 15,
    "confused_with": {
      "ask_pcos_food": 8,
      "ask_pcos_treatment": 1
    }
  },
  "out_of_scope": {
    "precision": 0.75,
    "recall": 0.2,
    "f1-score": 0.31578947368421056,
    "support": 15,
    "confused_with": {
      "bot_challenge": 3,
      "ask_pcos_symptoms": 2
    }
  },
  "ask_pcos_fertility": {
    "precision": 0.8,
    "recall": 0.8,
    "f1-score": 0.8000000000000002,
    "support": 15,
    "confused_with": {
      "ask_pcos_info": 1,
      "ask_pcos_common": 1
    }
  },
  "ask_pcos_cure": {
    "precision": 0.6470588235294118,
    "recall": 0.7333333333333333,
    "f1-score": 0.6875,
    "support": 15,
    "confused_with": {
      "ask_pcos_treatment": 2,
      "ask_pcos_fertility": 1
    }
  },
  "ask_pcos_diagnosis": {
    "precision": 0.8235294117647058,
    "recall": 0.9333333333333333,
    "f1-score": 0.8749999999999999,
    "support": 15,
    "confused_with": {
      "ask_pcos_food": 1
    }
  },
  "ask_pcos_info": {
    "precision": 0.4166666666666667,
    "recall": 0.3333333333333333,
    "f1-score": 0.3703703703703704,
    "support": 15,
    "confused_with": {
      "bot_challenge": 2,
      "ask_pcos_health_risks": 2
    }
  },
  "ask_pcos_thyroid": {
    "precision": 1.0,
    "recall": 1.0,
    "f1-score": 1.0,
    "support": 15,
    "confused_with": {}
  },
  "bot_challenge": {
    "precision": 0.5714285714285714,
    "recall": 0.8,
    "f1-score": 0.6666666666666666,
    "support": 15,
    "confused_with": {
      "web_info": 2,
      "mood_unhappy": 1
    }
  },
  "ask_pcos_sleep": {
    "precision": 0.9333333333333333,
    "recall": 0.9333333333333333,
    "f1-score": 0.9333333333333333,
    "support": 15,
    "confused_with": {
      "ask_pcos_stress": 1
    }
  },
  "ask_pcos_weight": {
    "precision": 0.6875,
    "recall": 0.7333333333333333,
    "f1-score": 0.7096774193548386,
    "support": 15,
    "confused_with": {
      "ask_pcos_info": 1,
      "ask_pcos_causes": 1
    }
  },
  "ask_pcos_exercise": {
    "precision": 0.7692307692307693,
    "recall": 0.6666666666666666,
    "f1-score": 0.7142857142857142,
    "support": 15,
    "confused_with": {
      "ask_pcos_symptoms": 2,
      "ask_pcos_cure": 1
    }
  },
  "ask_pcos_stress": {
    "precision": 0.6470588235294118,
    "recall": 0.7333333333333333,
    "f1-score": 0.6875,
    "support": 15,
    "confused_with": {
      "ask_pcos_weight": 1,
      "ask_pcos_treatment": 1
    }
  },
  "deny": {
    "precision": 0.8235294117647058,
    "recall": 0.9333333333333333,
    "f1-score": 0.8749999999999999,
    "support": 15,
    "confused_with": {
      "goodbye": 1
    }
  },
  "greet": {
    "precision": 0.0,
    "recall": 0.0,
    "f1-score": 0.0,
    "support": 8,
    "confused_with": {
      "mood_great": 8
    }
  },
  "goodbye": {
    "precision": 0.6875,
    "recall": 0.7333333333333333,
    "f1-score": 0.7096774193548386,
    "support": 15,
    "confused_with": {
      "ask_pcos_info": 1,
      "greet": 1
    }
  },
  "ask_pcos_causes": {
    "precision": 0.21428571428571427,
    "recall": 0.2,
    "f1-score": 0.20689655172413796,
    "support": 15,
    "confused_with": {
      "ask_pcos_hormones": 2,
      "ask_pcos_genetic": 2
    }
  },
  "accuracy": 0.5959367945823928,
  "macro avg": {
    "precision": 0.6021497347967937,
    "recall": 0.5866666666666666,
    "f1-score": 0.585445396002028,
    "support": 443
  },
  "weighted avg": {
    "precision": 0.6116645161592712,
    "recall": 0.5959367945823928,
    "f1-score": 0.5946962261871618,
    "support": 443
  },
  "micro avg": {
    "precision": 0.5959367945823928,
    "recall": 0.5959367945823928,
    "f1-score": 0.5959367945823928,
    "support": 443
  }
}